metric,mean
acc_gb_globalTest,0.7292277614858261
acc_gb_localTest,0.6666666666666665
acc_localTree_globalTest,0.7115626309174694
acc_localTree_localTest,0.6881720430107526
acc_superTree_globalTest,0.7467532467532468
acc_superTree_localTest,0.7204301075268817
client_id,3.4946236559139785
covG_globalZ,0.5093170935736618
covG_localZ,0.8262162162162163
covInter_globalZ,0.4243796274022477
covInter_localZ,0.40342342342342336
covL_globalZ,0.694411110727038
covL_localZ,0.4355405405405405
covUnion_globalZ,0.7793485768984519
covUnion_localZ,0.8583333333333333
f1_localTree_globalTest,0.7014689873203231
f1_localTree_localTest,0.6740964027579485
f1_superTree_globalTest,0.7226829395504094
f1_superTree_localTest,0.6978973068742877
fidelity_localtree_gb_globalTest,0.8595168272587626
fidelity_localtree_gb_localTest,0.8279569892473119
fidelity_supertree_gb_globalTest,0.7947214076246334
jaccard_cov_globalZ,0.5705558088099542
jaccard_cov_localZ,0.4913820597288168
prec_localTree_globalTest,0.7039151482356386
prec_localTree_localTest,0.6758706769050387
prec_superTree_globalTest,0.7491267353336319
prec_superTree_localTest,0.7168919714642016
ratio_has_factual_globalZ,0.994768962510898
ratio_has_factual_localZ,0.994768962510898
rec_localTree_globalTest,0.7115626309174694
rec_localTree_localTest,0.6881720430107526
rec_superTree_globalTest,0.7467532467532468
rec_superTree_localTest,0.7204301075268817
round,3.0
separability_anchor_global,0.07244855394883205
separability_anchor_local,0.7736652938891537
separability_lime_global,0.985350014125042
separability_lime_local,0.9838054187192119
separability_lore_global,1.0
separability_lore_local,1.0
separability_shap_global,0.9335819561417448
separability_shap_local,0.9153145249571834
silhouette_global,0.19963645808741226
silhouette_local,0.3553283534533368
similarity_anchor_global,124.77006790360241
similarity_anchor_local,124.1018426623977
similarity_lime_global,124.01799042995445
similarity_lime_local,124.00406442972492
similarity_lore_global,123.84269566902078
similarity_lore_local,123.84258814213905
similarity_shap_global,124.218918941793
similarity_shap_local,124.24379527042977
stability_anchor_global,0.9351104460157386
stability_anchor_local,0.28847727894104563
stability_lime_global,0.18569603946358001
stability_lime_local,0.17674676117149044
stability_lore_global,0.0
stability_lore_local,0.0001468428781204
stability_shap_global,0.38080989701107937
stability_shap_local,0.39887703272952163
