round,dataset,client_id,bbox_pred_class_global,bbox_pred_class_local,silhouette_global,silhouette_local,acc_superTree_localTest,prec_superTree_localTest,rec_superTree_localTest,f1_superTree_localTest,acc_superTree_globalTest,prec_superTree_globalTest,rec_superTree_globalTest,f1_superTree_globalTest,acc_localTree_localTest,prec_localTree_localTest,rec_localTree_localTest,f1_localTree_localTest,acc_localTree_globalTest,prec_localTree_globalTest,rec_localTree_globalTest,f1_localTree_globalTest,jaccard_cov_globalZ,covL_globalZ,covG_globalZ,covInter_globalZ,covUnion_globalZ,jaccard_cov_localZ,covL_localZ,covG_localZ,covInter_localZ,covUnion_localZ
3,pablopalacios23/Diabetes,2,Yes,No,0.8225687162415541,0.4417211475140848,0.7142857142857143,0.5102040816326531,0.7142857142857143,0.5952380952380952,0.6493506493506493,0.4216562658121099,0.6493506493506493,0.5112997238981491,0.7678571428571429,0.7526321100608834,0.7678571428571429,0.750557623433553,0.7467532467532467,0.7415693550147332,0.7467532467532467,0.7307068796987222,0.4095238095238095,0.8333333333333334,0.4,0.35833333333333334,0.875,0.7758620689655172,0.4666666666666667,0.39166666666666666,0.375,0.48333333333333334
3,pablopalacios23/Diabetes,2,No,No,-0.33534004263857764,0.06803309672865612,0.7142857142857143,0.5102040816326531,0.7142857142857143,0.5952380952380952,0.6493506493506493,0.4216562658121099,0.6493506493506493,0.5112997238981491,0.7678571428571429,0.7526321100608834,0.7678571428571429,0.750557623433553,0.7467532467532467,0.7415693550147332,0.7467532467532467,0.7307068796987222,0.7384615384615385,0.5333333333333333,0.4083333333333333,0.4,0.5416666666666666,0.7966101694915254,0.4666666666666667,0.4166666666666667,0.39166666666666666,0.49166666666666664
3,pablopalacios23/Diabetes,2,No,No,-0.44657276470861634,0.35946722672252157,0.7142857142857143,0.5102040816326531,0.7142857142857143,0.5952380952380952,0.6493506493506493,0.4216562658121099,0.6493506493506493,0.5112997238981491,0.7678571428571429,0.7526321100608834,0.7678571428571429,0.750557623433553,0.7467532467532467,0.7415693550147332,0.7467532467532467,0.7307068796987222,0.3939393939393939,0.7583333333333333,0.39166666666666666,0.325,0.825,0.7017543859649122,0.4583333333333333,0.35,0.3333333333333333,0.475
