round,dataset,client_id,bbox_pred_class_global,bbox_pred_class_local,silhouette_global,silhouette_local,tree_fidelity_lore_global,tree_fidelity_lore_local,acc_localTree_localTest,acc_localTree_globalTest,acc_nn_local_localTest,acc_nn_global_localTest,acc_nn_local_globalTest,acc_nn_global_globalTest,jaccard_cov_globalZ,covL_globalZ,covG_globalZ,covInter_globalZ,covUnion_globalZ,jaccard_cov_localZ,covL_localZ,covG_localZ,covInter_localZ,covUnion_localZ,shap_feature_agreement,cross_explainer_global,cross_explainer_local,pred_agreement_localTest,pred_agreement_globalTest
3,pablopalacios23/Diabetes,3,No,Yes,-0.8792884741452291,-0.4214987490036777,0.9830508474576272,0.940677966101695,0.6,0.5194805194805194,0.8,0.4,0.5,0.6883116883116883,0.6695652173913044,0.9576271186440678,0.6694915254237288,0.652542372881356,0.9745762711864406,0.5423728813559322,0.5423728813559322,1.0,0.5423728813559322,1.0,0.5,0.5,0.5,0.2,0.21428571428571427
3,pablopalacios23/Diabetes,3,No,Yes,0.15384527126955055,-0.2463128378945185,0.9666666666666667,0.9833333333333333,0.6,0.5194805194805194,0.8,0.4,0.5,0.6883116883116883,0.5233644859813084,0.8583333333333333,0.5,0.4666666666666667,0.8916666666666667,0.4491525423728814,0.48333333333333334,0.9416666666666667,0.44166666666666665,0.9833333333333333,0.2,0.5,0.5,0.2,0.21428571428571427
3,pablopalacios23/Diabetes,3,No,Yes,-0.3843221900733824,-0.7728393981094565,0.9743589743589743,0.9663865546218487,0.6,0.5194805194805194,0.8,0.4,0.5,0.6883116883116883,0.603448275862069,0.9829059829059829,0.6068376068376068,0.5982905982905983,0.9914529914529915,0.5508474576271186,0.5462184873949579,0.9915966386554622,0.5462184873949579,0.9915966386554622,0.2,0.5,0.2,0.2,0.21428571428571427
3,pablopalacios23/Diabetes,3,No,Yes,-1.0,-0.9361283397655142,1.0,0.9829059829059829,0.6,0.5194805194805194,0.8,0.4,0.5,0.6883116883116883,nan,nan,nan,nan,nan,nan,nan,nan,nan,nan,0.2,0.2,0.5,0.2,0.21428571428571427
3,pablopalacios23/Diabetes,3,Yes,Yes,0.7830021255722155,0.46306842759948713,0.9833333333333333,0.9743589743589743,0.6,0.5194805194805194,0.8,0.4,0.5,0.6883116883116883,0.2894736842105263,0.95,0.275,0.275,0.95,0.5,0.5641025641025641,0.28205128205128205,0.28205128205128205,0.5641025641025641,0.5,0.5,0.2,0.2,0.21428571428571427
