metric,mean
acc_localTree_globalTest,0.7103545103545104
acc_localTree_localTest,0.7891891891891893
acc_superTree_globalTest,0.6493506493506495
acc_superTree_localTest,0.6486486486486487
client_id,1.9081081081081082
covG_globalZ,0.4223873873873873
covG_localZ,0.5898443898443898
covInter_globalZ,0.4011711711711712
covInter_localZ,0.4373669123669123
covL_globalZ,0.8613963963963964
covL_localZ,0.5471171171171171
covUnion_globalZ,0.8826126126126126
covUnion_localZ,0.6995945945945946
f1_localTree_globalTest,0.6802914088353522
f1_localTree_localTest,0.7734793553342536
f1_superTree_globalTest,0.5112997238981493
f1_superTree_localTest,0.5405405405405405
jaccard_cov_globalZ,0.4697225292357549
jaccard_cov_localZ,0.6383156982414954
prec_localTree_globalTest,0.6847237085586972
prec_localTree_localTest,0.7753632134606941
prec_superTree_globalTest,0.42165626581210974
prec_superTree_localTest,0.46332046332046334
ratio_has_factual_globalZ,1.0
ratio_has_factual_localZ,1.0
rec_localTree_globalTest,0.7103545103545104
rec_localTree_localTest,0.7891891891891893
rec_superTree_globalTest,0.6493506493506495
rec_superTree_localTest,0.6486486486486487
round,3.0
silhouette_global,0.02579964653972276
silhouette_local,0.3579007851014241
